id;airport_code;forecast_date;day_name;high_temperature_value;low_temperature_value;feels_like_high_temperature;feels_like_low_temperature;phrase;probability_of_precip;probability_of_precip_units;night_phrase;night_icon;night_probability_of_precip;night_probability_of_precip_units;icon
1;indexing;2020-03-15T11:47:00;web-enabled granular Orchestrator;21448;11353;57268;62609;deposit;35285;Sleek Rubber Soap Investment Account;withdrawal;27924;92880;Handcrafted Steel Bacon;96025
2;Small Concrete;2020-03-15T06:12:24;compress virtual Wyoming;37110;2553;80715;16373;reboot;66079;back-end Peru;payment;71867;42749;ROI copying Sports;569
3;monitor generate Palladium;2020-03-15T15:23:12;Ball;54579;48404;25231;12298;Lead Directives;48206;Lake Practical;customized;58531;22230;Pennsylvania;51487
4;Organic;2020-03-15T06:06:32;Investor Qatar Cotton;31949;2417;50534;72345;Garden leading edge;61202;applications Lead;interface XSS;17055;57766;Dynamic interface;3548
5;transmitting;2020-03-15T00:50:49;Turnpike strategize;84315;98786;4956;29838;backing up;3378;Rustic Soft Towels;Tasty Cotton Chair;11409;51315;Buckinghamshire solution XSS;94846
6;deposit Metical web-enabled;2020-03-15T01:43:49;Music;39610;68837;10792;47166;e-tailers Concrete;92468;Metal;Argentine Peso Borders;59948;31575;ROI;40357
7;e-services Vermont;2020-03-15T00:00:09;target utilize global;43960;54019;71507;13676;payment;22825;navigating white;Sharable;65020;81459;Automotive;51107
8;users;2020-03-15T16:56:20;Response;61450;40948;12123;34257;transmit Springs Applications;43835;Money Market Account;National Accounts Brazilian Real;9910;63656;multimedia bluetooth backing up;5208
9;Senior;2020-03-15T00:53:45;Senior;33402;13651;86960;35717;Gorgeous Concrete Chips Rial Omani Checking Account;21825;pixel;Kids Guyana;13983;66322;relationships;39750
10;vertical salmon;2020-03-15T03:23:34;New Jersey;70291;5424;24777;76440;Plastic Uganda Shilling;57455;Alabama application sky blue;Profound;11286;18394;invoice;48246
